{
    "MlibObjs": {},
    "CompileStrategy": "fullobj",
    "LVLData": [
        "SIM"
    ],
    "PrevCompiledModules": {},
    "NameTable": {
        "vcs_paramclassrepository": [
            "vcs_paramclassrepository",
            "hEeZs",
            "module"
        ],
        "std": [
            "std",
            "reYIK",
            "module"
        ],
        "...MASTER...": [
            "SIM",
            "amcQw",
            "module"
        ],
        "uvm_pkg": [
            "uvm_pkg",
            "zr7M1",
            "module"
        ],
        "top_tb": [
            "top_tb",
            "W0eJz",
            "module"
        ]
    },
    "SIMBData": {
        "out": "amcQwB.o",
        "bytes": 340567
    },
    "PEModules": [],
    "stat": {
        "totalObjSize": 12572229,
        "mopSpeed": 133534.27935133534,
        "ru_self_cgstart": {
            "ru_majflt": 0,
            "ru_utime_sec": 3.0411709999999998,
            "ru_maxrss_kb": 147252,
            "ru_stime_sec": 0.052019999999999997,
            "ru_nivcsw": 5,
            "ru_minflt": 29910,
            "ru_nvcsw": 28
        },
        "ru_self_end": {
            "ru_majflt": 0,
            "ru_utime_sec": 5.6073659999999999,
            "ru_maxrss_kb": 153388,
            "ru_stime_sec": 0.092054999999999998,
            "ru_nivcsw": 9,
            "ru_minflt": 32869,
            "ru_nvcsw": 30
        },
        "ru_childs_cgstart": {
            "ru_majflt": 0,
            "ru_utime_sec": 0.005535,
            "ru_maxrss_kb": 54276,
            "ru_stime_sec": 0.0014729999999999999,
            "ru_nivcsw": 2,
            "ru_minflt": 729,
            "ru_nvcsw": 4
        },
        "CodeGen(%)": 45.764713771136044,
        "nMops": 342675,
        "nQuads": 105815,
        "mop/quad": 3.2384350044889665,
        "ru_childs_end": {
            "ru_majflt": 0,
            "ru_utime_sec": 0.005535,
            "ru_maxrss_kb": 54276,
            "ru_stime_sec": 0.0014729999999999999,
            "ru_nivcsw": 2,
            "ru_minflt": 729,
            "ru_nvcsw": 4
        },
        "quadSpeed": 41234.200830412345,
        "outputSizePerQuad": 118.0,
        "Frontend(%)": 54.235286228863963
    },
    "CurCompileUdps": {},
    "CurCompileModules": [
        "...MASTER...",
        "...MASTER...",
        "vcs_paramclassrepository",
        "vcs_paramclassrepository",
        "std",
        "std",
        "uvm_pkg",
        "uvm_pkg",
        "top_tb",
        "top_tb"
    ],
    "CompileProcesses": [
        "cgproc.32593.json"
    ],
    "Misc": {
        "default_output_dir": "csrc",
        "cwd": "/home/xuyan/synopsys/design_labs/example_and_uvm_source_code/uvm_training_lab/labs/lab01",
        "csrc_abs": "/home/xuyan/synopsys/design_labs/example_and_uvm_source_code/uvm_training_lab/labs/lab01/csrc",
        "csrc": "csrc",
        "daidir": "simv.daidir",
        "archive_dir": "archive.0",
        "daidir_abs": "/home/xuyan/synopsys/design_labs/example_and_uvm_source_code/uvm_training_lab/labs/lab01/simv.daidir"
    },
    "CompileStatus": "Successful"
}