{
    "reusePaths": {},
    "Modules": {
        "uvm_pkg": {
            "Compiled": "Yes",
            "Compiled Times": 1
        },
        "...MASTER...": {},
        "vcs_paramclassrepository": {
            "Compiled": "Yes",
            "Compiled Times": 1
        },
        "std": {
            "Compiled": "Yes",
            "Compiled Times": 1
        },
        "top_tb": {
            "Compiled": "Yes",
            "Compiled Times": 1
        }
    },
    "CompUnits": {
        "zr7M1_d": {
            "mod": "uvm_pkg",
            "out": "zr7M1_d.o",
            "bytes": 5712150,
            "mode": 4,
            "checksum": 0,
            "archive": "archive.0/_32593_archive_1.a"
        },
        "amcQw_d": {
            "mod": "...MASTER...",
            "out": "objs/amcQw_d.o",
            "bytes": 8072,
            "mode": 4,
            "checksum": 0
        },
        "hEeZs_d": {
            "mod": "vcs_paramclassrepository",
            "out": "hEeZs_d.o",
            "bytes": 5245875,
            "mode": 4,
            "checksum": 0,
            "archive": "archive.0/_32593_archive_1.a"
        },
        "reYIK_d": {
            "mod": "std",
            "out": "reYIK_d.o",
            "bytes": 42612,
            "mode": 4,
            "checksum": 0,
            "archive": "archive.0/_32593_archive_1.a"
        },
        "W0eJz_d": {
            "mod": "top_tb",
            "out": "W0eJz_d.o",
            "bytes": 1222953,
            "mode": 4,
            "checksum": 0,
            "archive": "archive.0/_32593_archive_1.a"
        }
    },
    "ObjArchives": [
        {
            "archive": "archive.0/_32593_archive_1.a",
            "objects": [
                [
                    "hEeZs_d.o",
                    5245875
                ],
                [
                    "reYIK_d.o",
                    42612
                ],
                [
                    "zr7M1_d.o",
                    5712150
                ],
                [
                    "W0eJz_d.o",
                    1222953
                ]
            ],
            "size": 12223590
        }
    ]
}